{
  "hourUtc": "2026-01-07T08",
  "startBalance": 112206.63579545556,
  "endBalance": 112206.63579545556,
  "trades": 0,
  "wins": 0,
  "losses": 0,
  "pnl": 0
}